id,label
60072,football
60078,cat
60102,football
60103,cat
60109,cat
60174,football
60217,cat
60258,cat
60282,cat
60296,cat
60308,cat
60327,cat
60329,cat
60335,cat
60361,cat
60372,cat
60399,cat
60405,cat
60406,cat
60459,cat
60478,football
60529,cat
60536,football
60568,cat
60586,cat
60588,football
60635,football
60645,cat
60680,football
60696,cat
60707,cat
60792,cat
60807,cat
60822,cat
60824,cat
60849,football
60853,cat
60876,cat
60908,football
60958,cat
60966,dog
60976,cat
61002,cat
61004,cat
61031,football
61048,cat
61147,cat
61209,cat
61220,cat
61242,football
61257,cat
61258,cat
61275,cat
61319,cat
61329,football
61383,football
61384,cat
61397,football
61442,cat
61460,cat
61488,cat
61518,cat
61520,cat
61543,cat
61552,cat
61553,football
61561,cat
61575,cat
61586,football
61613,football
61614,cat
61640,cat
61652,football
61699,cat
61721,cat
61723,cat
61733,football
61767,football
61793,cat
61803,football
61840,cat
61868,cat
61874,cat
61919,cat
61934,cat
61971,cat
62032,cat
62034,cat
62044,football
62116,football
62120,football
62136,cat
62150,football
62245,cat
62267,cat
62270,cat
62272,cat
62290,cat
62320,cat
62342,cat
62389,cat
62415,cat
62443,football
62445,cat
62449,football
62529,cat
62546,cat
62599,cat
62603,football
62613,cat
62624,cat
62675,cat
62752,football
62781,cat
62782,cat
62807,football
62809,football
62812,cat
62857,dog
62870,cat
62876,cat
62903,cat
62923,cat
62933,cat
62982,cat
63007,cat
63020,cat
63130,cat
63211,cat
63219,cat
63253,cat
63264,cat
63288,cat
63290,cat
63357,football
63371,football
63392,cat
63417,cat
63469,football
63484,football
63496,cat
63497,cat
63546,cat
63570,cat
63584,cat
63698,cat
63700,cat
63721,football
63730,cat
63766,cat
63782,cat
63785,cat
63809,cat
63822,football
63834,cat
63863,football
63876,football
63892,cat
63916,cat
63944,cat
63956,football
64007,cat
64073,football
64078,cat
64079,cat
64105,cat
64126,cat
64139,cat
64166,cat
64177,cat
64186,cat
64199,cat
64227,football
64230,football
64235,cat
64304,cat
64358,cat
64360,cat
64396,cat
64404,football
64407,cat
64418,football
64441,cat
64447,football
64485,football
64486,football
64503,cat
64581,cat
64648,cat
64658,football
64687,cat
64692,cat
64709,cat
64817,cat
64821,cat
64889,cat
64917,cat
64923,cat
64950,cat
64964,cat
65218,dog
66215,bus
66742,product
67295,product
67480,product
68133,bus
68540,product
68757,car
69037,dog
69146,product
69772,dog
70160,bus
70294,dog
70307,product
70694,cricket
70752,product
70981,bus
71219,product
71709,car
72121,product
72891,product
73467,car
73553,dog
73871,dog
73886,bus
74815,bus
74831,product
75400,bus
75932,dog
76546,product
76875,car
77293,bus
77480,car
77777,bus
77903,dog
78153,car
78807,product
79423,product
79848,dog
80298,product
80344,car
80524,product
80704,product
80803,car
80864,product
80921,dog
80977,bus
81099,product
81771,dog
82309,bus
82350,bus
82433,car
82728,product
82952,product
84215,bus
84484,bus
86006,car
86771,bus
87231,bus
88400,product
89039,car
89410,bus
89575,product
89577,product
89629,dog
89897,product
90414,bus
90458,dog
90686,dog
91236,bus
91882,bus
92170,product
92890,product
93574,product
93914,product
95307,bus
95590,car
95696,product
95950,dog
97410,dog
97818,bus
98236,car
99834,bus
100429,product
100887,car
101007,dog
101074,product
101173,car
101379,bus
101598,product
101677,product
102482,cricket
102654,product
102732,bus
103371,bus
103461,dog
103674,product
103752,product
103985,product
104177,product
105001,product
106275,product
106610,dog
107044,cricket
108031,product
108249,product
108634,bus
108799,bus
108809,dog
108998,cricket
109057,bus
109115,bus
109185,product
109214,product
109820,product
110425,cricket
112220,dog
113238,car
113819,bus
114104,dog
114113,bus
114471,cricket
114702,dog
115202,car
115269,product
116006,bus
116008,bus
116225,dog
118840,car
119162,dog
119543,bus
119846,bus
120096,product
120349,product
120353,product
120602,dog
120871,product
121727,dog
121850,product
122161,car
122935,product
123345,car
124019,bus
124304,product
124483,car
124968,dog
125774,product
126103,bus
126506,car
126764,bus
127194,car
129276,product
129385,dog
129645,dog
129890,bus
130358,bus
130639,car
131056,bus
131754,car
131808,product
132687,product
132765,dog
133082,bus
133191,car
133497,product
133733,bus
134027,product
134035,bus
134076,product
134558,car
134765,bus
134834,product
134907,product
135183,cricket
135192,car
135288,product
135788,bus
136217,car
136736,car
136833,car
137038,product
137162,product
137269,bus
137679,product
138502,dog
139307,dog
139896,product
140666,product
141364,cricket
141493,cricket
142455,product
142638,product
142826,product
143705,product
143717,product
143847,product
144479,dog
145622,car
145749,car
146141,product
146571,car
146572,product
146881,dog
147341,product
147704,bus
147973,product
148037,bus
148405,bus
148967,product
148992,product
149599,bus
150013,car
150207,bus
150974,car
151190,bus
151194,bus
152109,product
152277,product
152529,product
152683,dog
152864,car
153026,dog
153282,product
153318,bus
153367,product
153650,product
154149,product
154324,car
154974,bus
155417,bus
156643,product
157157,car
157426,car
157736,car
158019,dog
160767,dog
162102,product
162169,bus
162889,dog
163157,dog
163708,car
164296,bus
165858,dog
166184,dog
166304,bus
167263,product
168006,dog
168546,car
168732,bus
168734,product
168893,bus
168904,dog
168950,product
169295,dog
169615,bus
169930,dog
170281,bus
171719,product
172152,bus
172427,dog
172671,bus
173142,car
173383,car
173775,car
174289,car
174302,bus
174750,car
175047,product
175154,car
175511,dog
175520,car
175846,product
176299,car
176311,car
176650,car
177109,product
177385,bus
177530,bus
177702,product
178301,car
178808,dog
179317,product
179380,product
179559,product
180207,product
180499,product
180526,bus
180914,car
181187,dog
181344,product
182356,bus
182558,product
183020,product
183278,dog
183443,product
183993,dog
184508,dog
184902,dog
185153,product
185864,bus
185911,bus
185912,bus
186261,car
186478,product
186796,car
186859,car
187396,bus
187777,bus
188024,product
188125,product
188549,dog
190319,product
190979,dog
192034,product
192110,dog
192163,bus
192220,dog
193947,dog
194092,dog
194173,bus
194490,bus
196074,product
196243,product
196594,product
197432,product
197477,cat
197593,bus
197804,bus
198890,car
199982,car
200439,car
200654,cat
201274,car
201797,car
202371,cricket
202510,product
202529,product
203299,dog
203536,bus
203634,product
203750,car
203987,car
205077,product
205262,product
206004,car
206459,car
206926,product
207034,product
208359,product
208417,product
208904,dog
209872,product
210456,car
210924,product
211024,product
211519,dog
211550,product
211946,product
212270,dog
212410,product
212427,dog
213017,bus
213664,car
213984,product
214064,product
214542,product
215233,dog
215258,product
216403,bus
216640,product
217000,car
217277,car
217403,product
217517,dog
217925,dog
217996,cricket
218661,bus
218915,cricket
218944,car
219209,dog
219415,car
219759,dog
220553,bus
220601,product
220626,car
221545,dog
221977,product
222968,car
223402,dog
224324,dog
225057,bus
225196,product
225206,dog
225936,bus
226457,dog
226526,product
226795,bus
226920,cricket
226960,bus
227032,product
227123,car
227156,bus
227259,car
227463,dog
227847,product
228580,bus
228818,product
228980,bus
229864,bus
229892,product
230182,product
230291,product
230610,dog
231954,product
232684,product
233296,bus
233365,dog
233574,product
233585,car
233902,product
233985,bus
234215,product
234261,dog
234734,product
234904,car
235294,dog
235417,car
235475,dog
235719,product
235825,product
236666,product
237276,bus
237353,dog
238796,product
239219,product
239492,bus
240344,dog
240984,dog
241156,product
242269,bus
242437,bus
243408,dog
243757,bus
244320,bus
244695,product
244712,dog
244734,car
244983,dog
245023,product
245032,bus
245065,dog
245271,car
245645,cricket
246743,product
247494,dog
248265,product
248354,dog
248428,car
248765,bus
248793,product
249099,car
249279,product
249755,dog
250785,dog
250835,bus
251317,bus
251896,car
252395,dog
252945,product
253608,dog
254035,bus
254665,product
255377,car
255463,bus
255755,bus
255996,dog
256275,bus
256542,product
257591,bus
258132,product
258456,car
258832,dog
259113,car
259283,dog
259446,product
259493,product
259949,product
260058,product
260427,dog
260546,car
260708,car
261618,bus
261726,product
262019,product
262721,product
263949,product
264106,dog
264403,product
265250,bus
265535,product
265974,product
266056,bus
266344,dog
266358,bus
266422,product
267346,product
267523,dog
269060,car
269165,bus
269620,dog
269826,product
270175,dog
271501,product
271926,car
272797,dog
273729,bus
274199,bus
275220,dog
275244,product
275265,product
275596,bus
276015,dog
276107,cricket
276256,product
276557,car
276572,dog
276676,car
277007,bus
277391,car
279085,bus
279993,car
280302,bus
281379,dog
281398,dog
281430,dog
281983,car
283060,product
283228,dog
283498,product
283687,product
284042,bus
285800,car
285828,dog
286796,product
287075,product
287410,product
287634,bus
287700,car
287801,car
287847,product
287855,product
287966,bus
288324,bus
288338,car
288387,product
288715,dog
288816,car
289120,dog
289391,dog
290040,bus
290091,bus
290400,dog
290459,product
290647,bus
290721,bus
293020,bus
293049,bus
293265,product
293363,product
294027,dog
294497,car
294690,product
294930,product
294988,bus
295243,car
295367,product
295373,bus
295648,dog
295691,bus
296017,bus
296126,car
296751,product
297202,car
297436,bus
298088,dog
298305,car
298572,bus
299383,product
299719,car
300237,product
300431,dog
300763,dog
300792,bus
300924,bus
301765,dog
302774,product
303324,car
303343,bus
303769,product
303912,bus
304157,bus
304208,car
304230,bus
305123,product
305539,dog
306377,bus
307125,bus
307378,bus
307442,bus
307881,product
308241,product
308426,car
308467,dog
308657,product
308744,product
309211,product
309477,bus
310115,car
310477,dog
311414,car
311596,dog
311610,product
312112,car
312320,product
312650,bus
312861,product
312924,product
313034,product
313456,car
313991,dog
314168,bus
314710,product
314739,bus
315040,product
315356,dog
315493,dog
315670,dog
315733,product
316121,bus
317938,cricket
318036,dog
318459,product
319204,bus
320339,product
320594,cricket
321310,car
321682,product
321792,product
322490,bus
322549,dog
323036,bus
323495,dog
323535,product
324964,dog
325450,car
325734,car
326106,bus
326475,bus
326878,product
327129,dog
327266,product
327651,car
327765,bus
328321,product
328504,bus
328533,product
328880,bus
329869,product
329927,product
330219,product
330308,dog
330784,dog
330996,car
331341,bus
331866,dog
332121,product
332368,dog
332795,product
332805,bus
333457,bus
333617,car
333981,dog
333982,bus
334523,bus
334561,car
335216,bus
335229,car
335703,bus
335767,dog
336342,bus
336700,dog
337377,dog
337482,product
337725,dog
338067,bus
338770,product
338848,product
339111,bus
339205,product
339861,bus
340146,bus
340271,product
341097,car
341579,car
342099,dog
342605,dog
342635,car
343173,product
343477,product
343643,product
343972,bus
344141,car
344323,product
344778,bus
344956,car
345290,dog
345881,product
346002,bus
346096,product
346405,product
346418,product
346468,bus
347255,product
347412,product
348135,product
348478,car
348866,bus
348914,product
349031,bus
349215,car
349238,bus
349367,car
349472,car
350592,bus
351222,dog
351358,bus
351544,dog
351781,car
352102,bus
353492,dog
353720,dog
354024,product
355125,car
355242,bus
355289,product
355361,dog
356393,bus
356764,cricket
356839,car
357722,car
358986,product
359440,bus
359621,product
360045,product
360794,product
360804,product
360813,product
361458,product
362430,product
363688,dog
363760,dog
365650,bus
366344,dog
366807,product
367011,bus
367032,bus
367592,dog
368339,car
368423,bus
368603,product
368689,car
369119,dog
369123,bus
369170,dog
369505,car
369963,car
370011,product
370208,car
370233,dog
370481,cricket
370592,car
371055,car
371430,dog
371588,car
371728,product
371960,dog
372129,product
372386,car
372868,car
373249,car
373303,car
374223,bus
375398,dog
375480,car
375638,product
375826,car
375967,dog
376278,car
377795,product
378290,dog
378321,dog
378629,car
378720,bus
378785,bus
379215,car
379908,car
379929,car
380560,product
380620,car
380717,dog
382471,bus
382628,dog
383121,bus
383226,product
383936,bus
384221,product
384816,product
385827,bus
386320,cricket
386400,cricket
387449,bus
388041,bus
388675,dog
389324,dog
389360,product
389585,dog
389702,car
390527,dog
391315,product
391591,bus
391609,product
393030,car
393080,product
393391,car
393859,car
395029,dog
395089,car
395158,car
395531,product
396250,car
396605,dog
396662,bus
396731,car
396935,dog
397057,bus
397160,car
397386,bus
397769,product
397865,dog
398155,cricket
398275,car
398510,product
398847,product
399365,car
399433,dog
399894,dog
400539,product
400960,car
401289,car
401607,product
401625,dog
402528,car
403068,cricket
403443,bus
403588,product
403924,product
404701,product
404754,dog
406078,dog
406247,bus
406744,product
407387,product
407553,bus
407742,dog
408802,product
409011,bus
410300,car
410419,bus
410550,bus
410679,car
410771,product
410832,dog
410837,bus
410852,bus
410876,bus
410954,bus
411099,car
411574,car
412009,dog
412396,car
412670,dog
413005,dog
413261,bus
413608,car
414547,product
414712,product
414830,car
414983,product
414992,dog
415242,product
415870,product
416242,car
418074,product
418228,cricket
418406,dog
419153,bus
420007,bus
420123,product
420347,dog
420513,product
420621,car
421192,product
421276,bus
421643,car
422213,bus
423756,dog
423876,car
424168,bus
424340,bus
424874,car
425236,dog
425677,product
426325,product
427077,car
427130,car
427260,product
427562,dog
427629,car
428445,dog
430781,bus
430831,product
431451,product
431732,car
431753,car
432645,car
432768,dog
432828,dog
432842,product
433186,cricket
433604,product
434645,product
435309,dog
436088,car
436196,product
436783,dog
436904,product
437014,product
438332,product
438923,product
438937,product
439721,bus
440309,product
440446,dog
440584,dog
440946,car
440988,product
441546,dog
441752,bus
442394,product
442466,bus
444231,car
444417,dog
445656,bus
446552,dog
447084,product
447703,product
448024,dog
448349,dog
449189,car
449310,dog
449758,bus
449803,product
450136,product
451279,dog
451497,product
451739,product
452317,bus
454361,bus
455193,bus
455608,product
456850,product
456935,cricket
457480,product
457577,dog
457787,dog
458381,product
458989,car
459495,car
459932,dog
459953,product
460190,car
460330,car
460422,dog
460802,bus
460903,dog
460930,car
461385,bus
461963,dog
462460,product
462461,product
463383,product
464002,dog
464517,dog
464685,bus
464844,dog
465131,dog
465171,product
465428,product
466425,cricket
466538,dog
466716,product
467026,dog
467100,car
468434,bus
468798,product
469013,dog
469230,dog
469329,car
470152,bus
470664,bus
470931,bus
471632,bus
471946,product
472141,cricket
472546,product
472632,product
472634,dog
473049,bus
473753,car
474531,product
474872,car
475576,dog
475610,product
476229,bus
476825,product
476922,product
477546,car
477725,product
478637,product
479200,bus
480178,dog
480516,product
480890,product
480901,dog
481185,bus
481496,dog
481513,product
482223,dog
482936,product
483013,product
483055,product
483406,product
484105,bus
484884,car
485345,bus
485567,car
485618,product
485649,car
486156,car
486250,dog
486251,product
488359,bus
488538,car
489016,product
489032,dog
489343,product
489514,product
490418,dog
490621,bus
490734,product
490919,bus
491003,product
491059,product
491557,car
491663,dog
491773,bus
492318,car
492348,product
492398,bus
493236,car
493293,dog
493304,dog
493802,car
493904,dog
494197,bus
495003,product
495584,bus
495796,car
496126,product
496939,product
497349,product
498589,dog
498715,dog
498741,car
499015,dog
499971,product
500393,dog
500434,bus
501220,dog
501882,product
501977,dog
502566,product
503682,bus
503810,product
504544,dog
504698,car
504740,dog
505052,product
505380,bus
505818,cat
506908,dog
506934,car
507201,dog
507707,product
507904,dog
507954,product
509516,dog
510453,product
510501,product
511282,bus
513149,bus
513229,product
513487,car
514659,product
514904,car
515462,dog
515504,dog
515777,bus
516249,car
516835,product
517428,car
517488,dog
517691,car
517951,product
518035,dog
518540,product
518707,car
519131,dog
519438,dog
519742,product
519750,product
519816,product
520167,dog
520227,product
520231,bus
520465,product
521784,product
521936,dog
522994,bus
523145,dog
523212,dog
523275,product
523591,dog
524262,product
525195,product
525269,product
525455,dog
526031,bus
526177,bus
526381,bus
528239,bus
528547,dog
529472,dog
530296,product
530916,cricket
531212,product
531372,cricket
531375,car
532731,product
533377,dog
533634,dog
534226,product
534467,car
535370,bus
535415,dog
535593,product
535891,car
535966,product
536180,car
536341,bus
536495,bus
536640,product
536763,car
537168,product
537470,car
537714,dog
538328,car
538353,car
538530,bus
539255,bus
539574,product
540146,car
540563,product
540585,dog
540917,dog
541718,car
542614,bus
542743,product
543016,dog
544576,product
545179,dog
